 ,Area,Mean,StdDev,Mode,Min,Max,X,Y,XM,YM,Perim.,Slice
1,0.660,1.443,0.209,1.183,1.181,1.908,24.039,0.624,24.041,0.623,3.038,1
2,0.440,1.299,0.099,1.239,1.171,1.507,48.725,0.518,48.723,0.520,2.438,1
3,0.430,1.231,0.048,1.169,1.169,1.326,21.013,0.717,21.015,0.719,2.356,1
4,0.360,1.325,0.123,1.179,1.173,1.581,7.158,0.847,7.158,0.845,2.097,1
5,0.900,1.602,0.342,1.198,1.173,2.367,47.376,1.000,47.383,0.998,3.380,1
6,0.670,1.299,0.091,1.263,1.169,1.467,1.026,1.208,1.025,1.204,3.287,1
7,0.840,1.474,0.242,1.344,1.175,2.000,8.314,1.114,8.311,1.112,3.321,1
8,0.480,1.226,0.033,1.203,1.170,1.280,13.817,1.185,13.817,1.185,2.638,1
9,0.480,1.254,0.053,1.213,1.173,1.356,18.833,1.113,18.833,1.113,2.414,1
10,0.730,1.294,0.084,1.265,1.169,1.487,29.343,1.479,29.344,1.482,3.121,1
11,0.830,1.428,0.202,1.173,1.169,1.874,34.480,1.621,34.479,1.623,3.404,1
12,0.380,1.377,0.150,1.199,1.178,1.698,3.842,1.424,3.843,1.424,2.214,1
13,0.150,1.214,0.034,1.171,1.171,1.269,9.757,1.290,9.757,1.290,1.331,1
14,1.000,1.321,0.104,1.231,1.170,1.529,11.689,1.682,11.690,1.679,3.804,1
15,0.730,1.264,0.061,1.190,1.169,1.395,32.627,1.799,32.626,1.794,3.321,1
16,0.970,1.343,0.145,1.171,1.170,1.748,39.399,1.619,39.390,1.618,4.511,1
17,0.780,1.393,0.220,1.179,1.171,1.982,5.785,1.709,5.757,1.707,4.087,1
18,0.750,1.542,0.301,1.228,1.193,2.246,44.886,1.762,44.880,1.769,3.038,1
19,0.640,1.304,0.097,1.267,1.170,1.521,23.966,2.092,23.964,2.098,3.346,1
20,0.740,1.472,0.232,1.246,1.171,1.963,22.273,1.970,22.276,1.974,3.038,1
21,0.930,1.390,0.162,1.532,1.170,1.765,27.413,2.030,27.408,2.031,3.521,1
22,0.450,1.238,0.047,1.235,1.170,1.324,37.830,2.263,37.830,2.262,2.438,1
23,0.660,1.225,0.040,1.170,1.169,1.314,25.926,2.391,25.924,2.391,3.604,1
24,0.410,1.267,0.079,1.170,1.170,1.441,43.096,2.313,43.094,2.316,2.297,1
25,0.180,1.189,0.011,1.169,1.169,1.205,4.628,2.333,4.628,2.333,1.614,1
26,0.670,1.234,0.046,1.197,1.169,1.364,15.475,2.625,15.478,2.627,4.028,1
27,0.350,1.238,0.041,1.200,1.177,1.312,10.019,2.513,10.020,2.512,2.331,1
28,0.470,1.280,0.098,1.182,1.174,1.516,48.699,2.639,48.709,2.641,2.897,1
29,0.280,1.263,0.064,1.232,1.176,1.390,20.321,2.739,20.320,2.739,1.873,1
30,0.520,1.293,0.096,1.185,1.169,1.501,35.931,2.944,35.928,2.948,2.638,1
31,0.480,1.286,0.084,1.200,1.172,1.466,2.656,2.988,2.655,2.989,2.438,1
32,0.550,1.271,0.066,1.356,1.169,1.386,7.906,2.930,7.906,2.929,2.756,1
33,0.730,1.430,0.228,1.200,1.169,2.000,41.232,3.064,41.224,3.063,3.063,1
34,0.290,1.221,0.033,1.225,1.169,1.283,13.343,3.133,13.344,3.133,1.897,1
35,0.490,1.243,0.050,1.235,1.169,1.340,18.577,3.179,18.575,3.181,2.497,1
36,0.570,1.231,0.037,1.170,1.170,1.293,0.818,3.399,0.820,3.400,2.838,1
37,0.880,1.328,0.106,1.375,1.176,1.530,16.689,3.534,16.691,3.530,3.687,1
38,0.400,1.220,0.037,1.174,1.169,1.289,23.790,3.288,23.791,3.289,2.238,1
39,0.250,1.183,0.012,1.204,1.169,1.204,28.974,3.222,28.974,3.222,1.956,1
40,0.610,1.261,0.069,1.184,1.170,1.413,21.732,3.647,21.732,3.642,2.980,1
41,0.720,1.339,0.128,1.182,1.179,1.618,39.451,3.588,39.458,3.587,3.121,1
42,0.430,1.256,0.065,1.192,1.171,1.399,34.252,3.583,34.251,3.585,2.438,1
43,0.530,1.304,0.112,1.170,1.169,1.549,44.578,3.597,44.575,3.600,2.638,1
44,0.450,1.217,0.031,1.211,1.170,1.277,37.526,3.914,37.526,3.914,2.638,1
45,0.680,1.388,0.178,1.170,1.169,1.780,49.915,3.834,49.914,3.839,3.063,1
46,0.450,1.209,0.028,1.171,1.171,1.259,32.457,3.994,32.457,3.996,2.497,1
47,0.820,1.418,0.212,1.195,1.171,1.915,27.067,4.112,27.075,4.113,3.321,1
48,0.590,1.282,0.073,1.170,1.170,1.418,4.201,4.184,4.202,4.187,2.838,1
49,0.590,1.353,0.165,1.170,1.169,1.729,47.277,4.140,47.270,4.135,3.063,1
50,0.380,1.209,0.024,1.191,1.170,1.245,9.279,4.261,9.279,4.261,2.356,1
51,0.360,1.247,0.056,1.221,1.170,1.360,14.881,4.403,14.883,4.403,2.156,1
52,0.630,1.340,0.151,1.170,1.169,1.687,19.852,4.553,19.849,4.557,2.897,1
53,0.610,1.240,0.045,1.176,1.172,1.312,30.314,4.635,30.315,4.635,2.780,1
54,0.370,1.274,0.067,1.208,1.172,1.417,42.745,4.407,42.741,4.408,2.073,1
55,0.320,1.235,0.046,1.211,1.169,1.335,25.134,4.625,25.133,4.628,2.097,1
56,0.770,1.334,0.160,1.180,1.172,1.734,17.350,4.724,17.329,4.718,3.804,1
57,0.830,1.367,0.169,1.187,1.171,1.797,7.487,5.013,7.489,5.020,3.404,1
58,0.570,1.267,0.062,1.187,1.175,1.399,12.743,4.955,12.744,4.953,2.780,1
59,0.570,1.376,0.159,1.410,1.170,1.720,2.354,4.929,2.348,4.932,2.721,1
60,0.250,1.249,0.056,1.173,1.173,1.353,29.418,4.774,29.418,4.773,1.756,1
61,0.860,1.281,0.099,1.213,1.169,1.547,35.731,5.010,35.723,5.007,3.887,1
62,0.190,1.204,0.024,1.170,1.170,1.249,40.850,4.787,40.850,4.786,1.649,1
63,0.330,1.221,0.032,1.177,1.169,1.274,46.214,4.983,46.214,4.983,2.073,1
64,0.710,1.347,0.125,1.246,1.174,1.608,23.330,5.349,23.329,5.352,3.014,1
65,0.280,1.208,0.027,1.208,1.169,1.259,28.521,5.139,28.521,5.139,1.873,1
66,1.210,1.393,0.171,1.203,1.171,1.768,39.383,5.748,39.387,5.742,4.863,1
67,1.450,1.411,0.277,1.201,1.169,2.278,42.336,6.212,42.346,6.266,6.053,1
68,0.870,1.340,0.159,1.199,1.170,1.736,5.042,5.491,5.030,5.491,3.828,1
69,0.490,1.356,0.150,1.184,1.170,1.670,34.505,5.336,34.506,5.334,2.473,1
70,1.100,1.364,0.141,1.173,1.170,1.772,44.614,5.719,44.623,5.719,4.238,1
71,1.050,1.538,0.297,1.177,1.171,2.169,26.620,6.027,26.623,6.030,3.746,1
72,0.620,1.258,0.062,1.177,1.172,1.417,32.219,6.037,32.226,6.042,3.238,1
73,0.250,1.197,0.016,1.175,1.175,1.222,21.326,5.782,21.326,5.782,1.756,1
74,0.360,1.223,0.028,1.189,1.177,1.270,16.200,5.858,16.200,5.859,2.190,1
75,0.190,1.199,0.020,1.196,1.170,1.232,37.018,6.034,37.018,6.035,1.590,1
76,0.870,1.392,0.176,1.220,1.172,1.831,14.204,6.360,14.198,6.366,3.321,1
77,0.320,1.236,0.048,1.174,1.174,1.333,3.684,6.247,3.684,6.249,2.014,1
78,0.310,1.242,0.052,1.263,1.170,1.340,8.927,6.269,8.927,6.271,2.014,1
79,0.680,1.321,0.128,1.174,1.173,1.627,19.369,6.396,19.362,6.400,3.180,1
80,0.870,1.336,0.137,1.182,1.169,1.662,47.590,6.463,47.586,6.470,3.463,1
81,0.490,1.270,0.078,1.205,1.169,1.452,29.879,6.503,29.876,6.498,2.556,1
82,1.380,1.459,0.257,1.171,1.169,2.113,1.573,6.853,1.592,6.846,5.077,1
83,0.250,1.242,0.050,1.189,1.170,1.333,49.874,6.446,49.875,6.445,1.731,1
84,0.280,1.210,0.030,1.172,1.172,1.271,24.861,6.532,24.862,6.532,1.873,1
85,0.290,1.231,0.040,1.213,1.171,1.318,23.350,6.791,23.351,6.791,2.014,1
86,0.430,1.234,0.038,1.178,1.173,1.305,45.738,6.815,45.738,6.816,2.356,1
87,0.240,1.206,0.026,1.169,1.169,1.255,17.583,6.892,17.582,6.892,1.756,1
88,0.360,1.286,0.082,1.226,1.171,1.462,40.369,6.894,40.368,6.897,2.097,1
89,0.580,1.307,0.106,1.170,1.169,1.535,28.105,7.295,28.101,7.299,2.780,1
90,0.610,1.281,0.074,1.188,1.171,1.421,10.645,7.483,10.647,7.484,3.121,1
91,0.480,1.224,0.037,1.223,1.169,1.289,33.344,7.285,33.343,7.284,2.497,1
92,0.260,1.217,0.030,1.203,1.172,1.272,5.327,7.327,5.327,7.327,1.873,1
93,0.950,1.619,0.453,1.174,1.171,2.842,34.917,7.601,34.922,7.587,3.663,1
94,0.180,1.186,0.013,1.169,1.169,1.208,38.656,7.283,38.656,7.283,1.614,1
95,0.920,1.544,0.323,1.174,1.171,2.302,20.751,7.714,20.742,7.714,3.463,1
96,0.680,1.284,0.088,1.175,1.170,1.511,26.343,7.806,26.340,7.813,3.180,1
97,0.250,1.179,0.007,1.170,1.170,1.193,15.774,7.570,15.774,7.570,1.838,1
98,0.280,1.213,0.034,1.182,1.171,1.284,43.800,7.629,43.799,7.630,1.814,1
99,0.480,1.214,0.033,1.195,1.171,1.289,31.221,7.942,31.220,7.945,2.863,1
100,0.810,1.267,0.069,1.275,1.171,1.428,8.755,8.212,8.761,8.216,3.546,1
101,0.880,1.368,0.140,1.349,1.173,1.682,36.800,8.113,36.809,8.117,3.546,1
102,0.440,1.272,0.090,1.197,1.170,1.486,3.302,8.145,3.299,8.152,2.497,1
103,1.230,1.448,0.252,1.263,1.171,2.168,39.945,8.565,39.942,8.573,4.770,1
104,0.710,1.282,0.077,1.172,1.171,1.466,13.788,8.315,13.790,8.322,3.014,1
105,0.830,1.361,0.148,1.187,1.181,1.743,18.640,8.279,18.637,8.277,3.438,1
106,0.920,1.373,0.201,1.173,1.169,1.890,29.457,8.467,29.432,8.445,4.511,1
107,0.190,1.191,0.016,1.169,1.169,1.219,42.076,8.145,42.077,8.145,1.590,1
108,0.650,1.354,0.148,1.170,1.169,1.685,47.179,8.402,47.181,8.406,2.897,1
109,1.250,1.953,0.729,1.182,1.177,3.865,6.708,8.864,6.710,8.872,4.004,1
110,1.140,1.724,0.494,1.298,1.170,3.052,22.332,8.912,22.328,8.901,3.946,1
111,0.460,1.299,0.098,1.194,1.172,1.518,24.317,8.643,24.315,8.645,2.380,1
112,0.430,1.231,0.034,1.182,1.170,1.292,1.338,8.762,1.338,8.761,2.273,1
113,0.390,1.243,0.055,1.201,1.169,1.348,12.001,8.724,11.999,8.723,2.356,1
114,0.390,1.216,0.030,1.172,1.169,1.261,27.601,9.060,27.601,9.060,2.214,1
115,0.630,1.189,0.016,1.178,1.167,1.236,15.244,9.413,15.243,9.411,3.487,1
116,0.210,1.196,0.014,1.189,1.174,1.219,50.712,9.007,50.712,9.007,1.590,1
117,0.360,1.227,0.040,1.201,1.169,1.301,10.247,9.358,10.249,9.359,2.156,1
118,0.230,1.207,0.025,1.174,1.170,1.254,38.272,9.328,38.272,9.328,1.731,1
119,0.200,1.195,0.019,1.170,1.170,1.226,43.550,9.425,43.550,9.425,1.673,1
120,0.320,1.261,0.060,1.221,1.172,1.380,32.847,9.516,32.848,9.516,1.956,1
121,0.260,1.190,0.012,1.195,1.170,1.208,31.035,9.815,31.035,9.816,1.990,1
122,0.280,1.205,0.024,1.173,1.173,1.249,25.943,9.811,25.943,9.810,1.956,1
123,0.540,1.325,0.124,1.372,1.169,1.590,41.646,10.154,41.650,10.156,2.638,1
124,0.370,1.298,0.088,1.288,1.173,1.471,8.047,10.166,8.045,10.169,2.156,1
125,0.680,1.403,0.192,1.189,1.169,1.825,12.349,10.335,12.348,10.332,2.921,1
126,1.030,1.482,0.248,1.216,1.179,2.070,18.665,10.479,18.662,10.489,3.721,1
127,0.760,1.296,0.077,1.194,1.172,1.424,23.937,10.388,23.937,10.390,3.180,1
128,0.810,1.543,0.318,1.184,1.178,2.282,39.545,10.378,39.544,10.366,3.346,1
129,1.150,1.390,0.178,1.177,1.176,1.857,34.869,10.512,34.879,10.504,4.180,1
130,0.390,1.258,0.065,1.308,1.171,1.388,29.058,10.676,29.056,10.677,2.214,1
131,0.650,1.348,0.143,1.231,1.169,1.668,44.899,10.821,44.895,10.826,2.921,1
132,0.530,1.212,0.031,1.186,1.169,1.283,50.022,10.714,50.021,10.714,3.263,1
133,0.520,1.273,0.088,1.207,1.169,1.466,11.463,10.925,11.461,10.930,2.697,1
134,0.160,1.253,0.060,1.180,1.180,1.365,36.081,10.863,36.080,10.862,1.414,1
135,1.260,1.608,0.338,1.310,1.171,2.341,48.464,11.357,48.468,11.333,4.204,1
136,0.950,1.327,0.111,1.179,1.169,1.561,2.321,11.559,2.320,11.553,3.980,1
137,0.300,1.283,0.087,1.177,1.177,1.457,8.187,11.267,8.188,11.265,1.956,1
138,0.180,1.210,0.025,1.172,1.172,1.249,21.822,11.150,21.822,11.150,1.531,1
139,0.860,1.432,0.206,1.179,1.169,1.871,25.293,11.495,25.292,11.497,3.463,1
140,0.930,1.598,0.347,1.173,1.171,2.409,43.166,11.366,43.169,11.363,3.604,1
141,1.070,1.303,0.100,1.170,1.169,1.577,9.865,11.444,9.854,11.441,4.604,1
142,0.330,1.212,0.025,1.173,1.173,1.258,37.808,11.259,37.808,11.258,2.214,1
143,0.230,1.210,0.028,1.208,1.172,1.263,20.333,11.420,20.333,11.418,1.814,1
144,0.180,1.202,0.023,1.169,1.169,1.240,14.772,11.589,14.772,11.589,1.507,1
145,0.540,1.263,0.061,1.217,1.170,1.379,30.656,11.756,30.655,11.755,2.614,1
146,0.900,1.344,0.146,1.187,1.171,1.710,41.197,11.960,41.185,11.968,3.721,1
147,0.730,1.484,0.247,1.728,1.176,2.051,35.923,12.031,35.927,12.032,3.038,1
148,0.770,1.230,0.050,1.209,1.170,1.390,39.050,12.302,39.044,12.295,4.087,1
149,0.490,1.347,0.122,1.216,1.170,1.584,46.236,12.264,46.232,12.267,2.497,1
150,0.310,1.235,0.037,1.237,1.179,1.303,33.937,12.315,33.937,12.314,1.990,1
151,0.150,1.226,0.040,1.170,1.170,1.292,12.890,12.290,12.890,12.290,1.307,1
152,0.930,1.370,0.145,1.175,1.174,1.705,5.873,12.776,5.869,12.780,3.521,1
153,0.270,1.188,0.014,1.178,1.170,1.221,28.754,12.480,28.755,12.480,2.073,1
154,0.630,1.271,0.056,1.182,1.172,1.375,49.702,12.771,49.702,12.770,3.014,1
155,0.400,1.198,0.013,1.179,1.172,1.223,11.115,12.763,11.115,12.762,2.414,1
156,0.880,1.546,0.314,1.344,1.170,2.294,21.848,13.007,21.849,13.011,3.380,1
157,0.910,1.307,0.125,1.187,1.171,1.719,32.455,13.021,32.471,13.012,4.146,1
158,0.300,1.244,0.052,1.202,1.176,1.353,44.477,12.933,44.474,12.933,1.931,1
159,0.870,1.335,0.119,1.172,1.171,1.577,26.748,13.435,26.746,13.442,3.697,1
160,0.680,1.242,0.048,1.175,1.169,1.341,9.225,13.428,9.227,13.428,3.097,1
161,0.950,1.513,0.253,1.634,1.173,2.008,19.646,13.510,19.643,13.508,3.521,1
162,0.400,1.228,0.046,1.170,1.170,1.325,37.223,13.285,37.220,13.287,2.331,1
163,1.100,1.459,0.254,1.239,1.169,2.084,3.790,13.671,3.782,13.684,4.028,1
164,0.470,1.269,0.075,1.172,1.172,1.439,47.916,13.484,47.915,13.486,2.521,1
165,0.300,1.232,0.045,1.284,1.170,1.321,42.630,13.517,42.630,13.518,1.931,1
166,0.190,1.188,0.013,1.170,1.170,1.215,2.003,13.834,2.002,13.835,1.931,1
167,0.640,1.239,0.045,1.169,1.169,1.332,12.730,14.025,12.732,14.024,3.004,1
168,0.690,1.266,0.069,1.194,1.169,1.435,30.415,13.970,30.409,13.975,3.521,1
169,0.340,1.189,0.014,1.216,1.169,1.219,33.474,14.124,33.474,14.123,2.697,1
170,0.320,1.229,0.035,1.173,1.173,1.292,40.812,14.028,40.812,14.029,1.990,1
171,1.200,1.394,0.186,1.170,1.169,1.893,45.988,14.506,45.989,14.522,4.321,1
172,1.010,1.360,0.121,1.300,1.171,1.634,28.573,14.354,28.576,14.353,3.887,1
173,0.190,1.189,0.013,1.193,1.170,1.211,35.276,14.097,35.277,14.098,1.614,1
174,0.860,1.303,0.116,1.172,1.171,1.610,38.936,14.455,38.926,14.466,4.170,1
175,0.360,1.230,0.035,1.171,1.171,1.288,17.819,14.219,17.819,14.219,2.097,1
176,0.490,1.278,0.087,1.206,1.169,1.461,22.960,14.399,22.957,14.403,2.638,1
177,0.820,1.254,0.065,1.180,1.169,1.415,43.722,14.717,43.716,14.718,3.804,1
178,0.280,1.190,0.014,1.185,1.172,1.222,10.782,14.707,10.783,14.706,1.873,1
179,0.580,1.273,0.076,1.182,1.171,1.442,21.159,14.981,21.158,14.985,2.721,1
180,0.580,1.302,0.104,1.203,1.170,1.527,49.338,14.890,49.338,14.891,2.697,1
181,0.310,1.229,0.042,1.210,1.170,1.309,8.856,15.134,8.857,15.134,1.956,1
182,0.480,1.260,0.073,1.174,1.174,1.428,16.131,15.342,16.131,15.350,2.614,1
183,0.460,1.289,0.087,1.199,1.174,1.469,31.589,15.259,31.590,15.262,2.356,1
184,1.500,1.381,0.152,1.209,1.171,1.831,35.485,15.669,35.471,15.680,5.370,1
185,0.250,1.223,0.030,1.211,1.177,1.275,19.342,15.306,19.342,15.306,1.731,1
186,0.240,1.206,0.019,1.179,1.179,1.238,14.121,15.408,14.121,15.409,1.731,1
187,0.220,1.181,0.006,1.173,1.171,1.193,47.555,15.400,47.555,15.400,1.731,1
188,0.250,1.240,0.045,1.207,1.173,1.326,3.494,15.446,3.495,15.447,1.731,1
189,0.210,1.204,0.021,1.199,1.173,1.240,42.345,15.431,42.346,15.431,1.590,1
190,0.450,1.199,0.016,1.192,1.172,1.233,1.614,15.888,1.614,15.887,2.580,1
191,0.870,1.424,0.204,1.247,1.176,1.919,6.918,16.057,6.914,16.057,3.404,1
192,0.690,1.269,0.059,1.193,1.169,1.382,12.188,15.966,12.185,15.966,2.980,1
193,0.340,1.223,0.032,1.206,1.175,1.283,17.353,16.029,17.351,16.030,2.156,1
194,0.250,1.217,0.033,1.175,1.175,1.277,29.694,15.934,29.693,15.934,1.873,1
195,0.150,1.190,0.011,1.177,1.173,1.209,50.857,16.017,50.857,16.016,1.449,1
196,0.280,1.298,0.086,1.242,1.177,1.461,37.232,16.111,37.232,16.113,1.873,1
197,0.400,1.252,0.054,1.173,1.173,1.343,27.733,16.300,27.731,16.300,2.297,1
198,0.540,1.237,0.055,1.172,1.169,1.359,33.220,16.365,33.223,16.363,2.780,1
199,0.800,1.264,0.099,1.172,1.170,1.568,3.217,16.774,3.218,16.756,4.487,1
200,0.280,1.223,0.036,1.202,1.171,1.285,22.611,16.268,22.611,16.268,1.873,1
201,0.260,1.205,0.027,1.216,1.170,1.252,38.535,16.342,38.535,16.342,1.814,1
202,0.930,1.321,0.102,1.278,1.170,1.556,26.122,16.883,26.126,16.877,4.253,1
203,0.400,1.207,0.025,1.181,1.170,1.264,5.253,16.740,5.253,16.742,2.331,1
204,0.620,1.243,0.059,1.181,1.169,1.393,10.431,16.805,10.435,16.801,3.321,1
205,0.540,1.335,0.132,1.175,1.174,1.620,20.591,16.820,20.593,16.823,2.638,1
206,1.180,1.503,0.346,1.188,1.170,2.422,39.729,17.144,39.727,17.110,4.521,1
207,0.360,1.225,0.039,1.191,1.169,1.298,15.581,16.819,15.580,16.819,2.097,1
208,0.380,1.216,0.028,1.172,1.172,1.268,31.200,17.008,31.199,17.007,2.214,1
209,0.540,1.329,0.122,1.175,1.175,1.580,36.424,17.157,36.423,17.157,2.638,1
210,0.560,1.262,0.055,1.349,1.171,1.367,41.827,17.254,41.829,17.255,2.756,1
211,0.170,1.249,0.047,1.329,1.177,1.329,50.309,17.138,50.309,17.139,1.390,1
212,0.260,1.214,0.020,1.193,1.179,1.244,8.527,17.292,8.527,17.293,1.814,1
213,0.610,1.346,0.139,1.170,1.169,1.652,13.552,17.580,13.557,17.580,2.721,1
214,0.620,1.639,0.406,1.274,1.176,2.609,28.315,17.552,28.315,17.550,2.780,1
215,0.760,1.312,0.099,1.225,1.172,1.515,46.774,17.536,46.770,17.539,3.580,1
216,0.430,1.298,0.104,1.177,1.170,1.525,18.790,17.566,18.787,17.570,2.356,1
217,0.840,1.411,0.166,1.322,1.180,1.761,45.175,18.024,45.173,18.029,3.321,1
218,1.130,1.695,0.434,1.174,1.171,2.769,22.319,18.086,22.302,18.102,4.063,1
219,0.310,1.207,0.024,1.172,1.171,1.253,34.550,17.750,34.549,17.750,1.931,1
220,0.330,1.225,0.037,1.203,1.171,1.289,1.271,17.886,1.271,17.886,2.014,1
221,0.220,1.179,0.008,1.175,1.169,1.197,6.632,17.927,6.632,17.927,2.156,1
222,1.270,1.571,0.343,1.251,1.170,2.426,20.851,18.385,20.861,18.360,4.604,1
223,0.460,1.203,0.023,1.170,1.170,1.266,11.563,18.117,11.561,18.119,3.038,1
224,0.870,1.390,0.164,1.226,1.175,1.759,4.519,18.361,4.513,18.356,3.463,1
225,0.530,1.254,0.054,1.272,1.174,1.351,27.558,18.354,27.559,18.353,2.838,1
226,0.200,1.236,0.050,1.273,1.169,1.333,50.280,18.235,50.280,18.234,1.556,1
227,0.280,1.214,0.027,1.223,1.170,1.257,32.746,18.371,32.746,18.372,1.873,1
228,0.570,1.284,0.081,1.192,1.174,1.455,43.220,18.571,43.219,18.572,2.721,1
229,0.320,1.191,0.012,1.177,1.170,1.220,9.916,18.631,9.916,18.632,2.356,1
230,1.100,1.517,0.319,1.222,1.171,2.306,48.116,18.770,48.096,18.785,4.004,1
231,0.450,1.206,0.031,1.178,1.170,1.293,37.637,18.579,37.633,18.580,2.956,1
232,0.300,1.225,0.031,1.208,1.173,1.274,15.043,18.720,15.043,18.720,1.990,1
233,0.380,1.307,0.109,1.172,1.172,1.533,0.426,18.945,0.426,18.941,2.214,1
234,0.200,1.201,0.024,1.179,1.170,1.244,2.755,18.940,2.755,18.940,1.531,1
235,0.830,1.316,0.098,1.277,1.175,1.557,25.492,19.292,25.493,19.289,3.663,1
236,1.040,1.473,0.245,1.173,1.172,2.012,34.083,19.307,34.088,19.303,3.746,1
237,0.270,1.222,0.037,1.199,1.175,1.294,7.957,19.087,7.957,19.086,1.814,1
238,1.160,1.480,0.235,1.200,1.171,1.957,11.231,19.584,11.235,19.583,4.228,1
239,0.530,1.252,0.050,1.183,1.182,1.357,23.607,19.350,23.605,19.350,3.063,1
240,0.160,1.208,0.027,1.172,1.172,1.255,30.825,19.206,30.825,19.207,1.390,1
241,0.610,1.419,0.189,1.236,1.176,1.832,46.468,19.407,46.470,19.408,2.814,1
242,0.480,1.276,0.080,1.172,1.171,1.445,13.131,19.504,13.128,19.504,2.497,1
243,0.850,1.433,0.232,1.199,1.169,1.998,6.576,19.675,6.590,19.670,3.438,1
244,0.170,1.206,0.027,1.170,1.170,1.252,18.285,19.403,18.285,19.403,1.449,1
245,0.640,1.247,0.073,1.169,1.169,1.436,28.991,19.605,28.984,19.611,3.121,1
246,0.460,1.210,0.025,1.202,1.169,1.259,50.059,19.998,50.059,19.998,2.556,1
247,0.780,1.385,0.193,1.170,1.169,1.847,16.355,20.168,16.360,20.163,3.321,1
248,0.510,1.292,0.090,1.208,1.169,1.494,44.703,20.001,44.700,20.007,2.614,1
249,1.060,1.382,0.173,1.285,1.171,1.829,9.386,20.562,9.387,20.571,4.028,1
250,0.450,1.218,0.032,1.176,1.169,1.278,27.010,20.168,27.009,20.168,2.414,1
251,0.850,1.475,0.233,1.172,1.170,2.024,37.511,20.459,37.508,20.468,3.263,1
252,0.940,1.390,0.161,1.191,1.169,1.766,42.694,20.527,42.697,20.529,3.546,1
253,0.490,1.242,0.047,1.182,1.176,1.332,4.309,20.415,4.309,20.416,2.497,1
254,0.170,1.202,0.018,1.204,1.178,1.235,32.362,20.191,32.362,20.191,1.390,1
255,0.270,1.232,0.047,1.170,1.169,1.319,21.750,20.372,21.749,20.373,1.814,1
256,0.500,1.290,0.089,1.181,1.180,1.473,14.620,20.614,14.619,20.617,2.556,1
257,0.320,1.242,0.051,1.189,1.169,1.343,2.594,20.775,2.594,20.775,2.014,1
258,0.790,1.347,0.140,1.412,1.175,1.679,25.159,20.906,25.156,20.912,3.204,1
259,0.280,1.204,0.025,1.170,1.170,1.250,48.014,20.689,48.014,20.690,1.873,1
260,0.220,1.194,0.015,1.173,1.173,1.216,19.995,20.736,19.995,20.736,1.673,1
261,0.590,1.275,0.074,1.259,1.169,1.473,45.923,21.125,45.919,21.119,3.204,1
262,0.170,1.216,0.027,1.211,1.171,1.257,7.774,21.003,7.774,21.003,1.531,1
263,0.660,1.297,0.113,1.177,1.171,1.572,40.859,21.194,40.855,21.198,2.980,1
264,0.700,1.364,0.148,1.178,1.177,1.683,12.777,21.330,12.773,21.334,3.063,1
265,1.050,1.265,0.069,1.181,1.169,1.444,38.946,21.790,38.941,21.794,4.911,1
266,0.900,1.537,0.261,1.284,1.172,2.110,17.939,21.524,17.941,21.521,3.463,1
267,0.640,1.227,0.034,1.250,1.170,1.288,23.272,21.623,23.271,21.625,2.838,1
268,0.780,1.388,0.182,1.178,1.169,1.811,28.478,21.622,28.476,21.620,3.238,1
269,0.570,1.229,0.059,1.194,1.169,1.374,5.987,21.857,5.995,21.856,3.580,1
270,0.180,1.199,0.020,1.173,1.173,1.231,11.178,21.711,11.178,21.711,1.473,1
271,1.210,1.262,0.058,1.224,1.172,1.403,19.660,22.581,19.657,22.581,4.911,1
272,0.310,1.209,0.023,1.205,1.171,1.261,26.618,22.147,26.617,22.148,2.297,1
273,0.290,1.208,0.026,1.169,1.169,1.256,37.081,22.095,37.082,22.094,2.073,1
274,0.560,1.234,0.047,1.176,1.172,1.347,44.609,21.982,44.604,21.984,3.180,1
275,0.300,1.213,0.036,1.170,1.170,1.282,21.437,22.207,21.436,22.208,2.073,1
276,0.470,1.240,0.038,1.248,1.172,1.299,31.954,22.282,31.954,22.282,2.414,1
277,0.170,1.201,0.021,1.170,1.170,1.236,3.938,22.226,3.938,22.226,1.473,1
278,0.610,1.247,0.046,1.198,1.176,1.340,8.935,22.384,8.934,22.386,2.756,1
279,0.800,1.476,0.258,1.180,1.174,2.070,14.225,22.600,14.225,22.599,3.121,1
280,0.200,1.245,0.053,1.170,1.170,1.339,48.455,22.325,48.457,22.325,1.531,1
281,0.750,1.295,0.087,1.172,1.172,1.473,24.627,22.762,24.623,22.760,3.121,1
282,0.540,1.280,0.098,1.189,1.172,1.498,42.044,22.635,42.037,22.638,2.780,1
283,0.570,1.264,0.059,1.200,1.172,1.384,30.069,22.932,30.069,22.936,2.697,1
284,0.440,1.244,0.053,1.172,1.172,1.379,1.986,23.070,1.986,23.075,2.521,1
285,0.600,1.240,0.042,1.198,1.176,1.319,12.612,23.073,12.609,23.073,3.380,1
286,0.210,1.203,0.022,1.170,1.170,1.241,40.688,22.921,40.688,22.921,1.673,1
287,0.380,1.258,0.069,1.170,1.170,1.404,7.321,23.076,7.326,23.076,2.273,1
288,0.270,1.286,0.076,1.176,1.175,1.428,6.143,23.209,6.143,23.209,1.790,1
289,0.660,1.321,0.099,1.220,1.173,1.501,17.468,23.309,17.466,23.311,3.004,1
290,0.450,1.256,0.066,1.170,1.170,1.385,45.623,23.239,45.622,23.238,2.473,1
291,0.680,1.357,0.150,1.308,1.173,1.726,22.785,23.459,22.779,23.465,3.038,1
292,0.740,1.398,0.203,1.171,1.169,1.903,48.999,23.481,48.994,23.477,3.238,1
293,0.750,1.317,0.113,1.224,1.172,1.613,15.505,23.843,15.508,23.852,3.804,1
294,0.180,1.239,0.046,1.222,1.169,1.323,48.050,23.417,48.050,23.417,1.449,1
295,0.280,1.193,0.013,1.202,1.170,1.214,33.450,23.600,33.450,23.599,2.014,1
296,0.580,1.359,0.154,1.228,1.169,1.713,5.166,23.845,5.164,23.846,2.780,1
297,0.730,1.340,0.131,1.175,1.174,1.641,10.473,23.912,10.471,23.919,3.121,1
298,0.700,1.259,0.049,1.258,1.169,1.355,31.613,24.106,31.616,24.106,3.546,1
299,0.730,1.402,0.188,1.464,1.169,1.834,36.479,24.210,36.473,24.206,3.097,1
300,0.400,1.248,0.064,1.175,1.169,1.377,43.943,24.000,43.941,24.000,2.273,1
301,0.580,1.231,0.044,1.179,1.173,1.326,8.372,24.252,8.369,24.249,2.721,1
302,0.290,1.220,0.029,1.211,1.174,1.264,26.105,24.050,26.105,24.051,1.990,1
303,0.170,1.185,0.011,1.170,1.170,1.206,3.450,24.221,3.450,24.220,1.649,1
304,0.340,1.238,0.042,1.212,1.169,1.319,27.703,24.300,27.702,24.299,2.356,1
305,0.220,1.284,0.068,1.182,1.182,1.415,37.559,24.259,37.560,24.259,1.590,1
306,0.660,1.260,0.057,1.184,1.170,1.373,19.218,24.639,19.221,24.640,2.980,1
307,0.230,1.223,0.040,1.171,1.170,1.298,47.085,24.611,47.085,24.612,1.673,1
308,0.640,1.222,0.035,1.185,1.169,1.293,24.308,24.678,24.304,24.680,3.238,1
309,0.630,1.294,0.103,1.194,1.171,1.532,29.599,24.921,29.599,24.927,2.863,1
310,0.440,1.206,0.024,1.200,1.170,1.254,40.018,24.830,40.018,24.830,2.438,1
311,1.400,1.451,0.215,1.337,1.171,1.964,45.305,25.270,45.314,25.263,4.994,1
312,0.660,1.363,0.152,1.179,1.178,1.711,1.580,25.029,1.580,25.034,3.004,1
313,0.540,1.255,0.059,1.171,1.169,1.373,34.920,24.894,34.919,24.896,2.780,1
314,0.620,1.307,0.101,1.172,1.172,1.516,42.045,25.045,42.047,25.049,2.980,1
315,0.380,1.223,0.036,1.193,1.172,1.293,11.889,25.087,11.888,25.086,2.297,1
316,0.720,1.477,0.238,1.171,1.169,1.989,17.224,25.235,17.222,25.242,3.063,1
317,0.410,1.267,0.065,1.180,1.178,1.394,50.516,25.140,50.514,25.141,2.356,1
318,0.230,1.227,0.045,1.186,1.171,1.308,6.572,25.180,6.572,25.181,1.673,1
319,1.230,1.333,0.135,1.211,1.170,1.726,4.461,25.552,4.441,25.547,5.170,1
320,0.280,1.196,0.013,1.201,1.169,1.214,22.504,25.414,22.504,25.414,1.814,1
321,0.400,1.248,0.054,1.237,1.173,1.362,27.663,25.498,27.660,25.499,2.356,1
322,1.040,1.702,0.414,1.173,1.170,2.607,15.387,25.850,15.393,25.853,3.687,1
323,0.600,1.297,0.096,1.193,1.171,1.502,32.905,25.670,32.905,25.672,2.804,1
324,0.710,1.342,0.122,1.201,1.170,1.598,38.265,25.750,38.265,25.752,2.980,1
325,0.750,1.411,0.180,1.170,1.169,1.783,48.582,25.891,48.580,25.893,3.146,1
326,0.450,1.238,0.049,1.197,1.173,1.358,10.186,25.843,10.183,25.845,2.580,1
327,0.290,1.267,0.065,1.305,1.179,1.399,43.309,25.809,43.309,25.809,1.873,1
328,0.230,1.207,0.019,1.169,1.169,1.238,20.615,25.924,20.616,25.924,1.790,1
329,0.600,1.231,0.037,1.198,1.169,1.297,25.762,26.070,25.761,26.069,2.780,1
330,0.390,1.257,0.056,1.220,1.173,1.361,31.029,26.129,31.027,26.129,2.238,1
331,0.320,1.375,0.131,1.503,1.214,1.633,6.300,26.100,6.302,26.099,1.931,1
332,1.080,1.313,0.132,1.181,1.169,1.662,23.744,26.956,23.739,26.977,5.111,1
333,0.780,1.375,0.161,1.186,1.176,1.744,36.327,26.291,36.318,26.297,3.238,1
334,0.410,1.228,0.036,1.185,1.171,1.288,2.901,26.257,2.900,26.258,2.297,1
335,0.420,1.236,0.040,1.177,1.169,1.315,18.669,26.564,18.668,26.565,2.273,1
336,0.260,1.191,0.013,1.171,1.171,1.211,13.365,26.515,13.365,26.515,1.990,1
337,0.430,1.273,0.073,1.179,1.178,1.423,46.922,26.597,46.923,26.600,2.331,1
338,0.960,1.290,0.078,1.226,1.170,1.499,21.664,27.003,21.660,26.999,3.804,1
339,0.400,1.241,0.046,1.241,1.169,1.325,11.468,26.935,11.467,26.936,2.331,1
340,0.580,1.367,0.155,1.176,1.175,1.708,17.005,26.959,17.011,26.954,2.804,1
341,0.500,1.229,0.036,1.173,1.170,1.298,34.306,26.888,34.304,26.887,2.497,1
342,0.450,1.226,0.045,1.169,1.169,1.333,39.792,27.032,39.791,27.034,2.414,1
343,0.270,1.192,0.013,1.196,1.169,1.216,50.350,27.150,50.350,27.150,1.931,1
344,0.210,1.186,0.010,1.170,1.170,1.202,43.783,27.107,43.783,27.107,1.673,1
345,0.160,1.218,0.033,1.206,1.169,1.272,14.125,27.288,14.125,27.288,1.390,1
346,0.550,1.296,0.094,1.348,1.170,1.495,27.308,27.486,27.307,27.488,2.780,1
347,0.850,1.232,0.048,1.172,1.171,1.350,4.589,27.915,4.586,27.910,4.087,1
348,0.250,1.211,0.022,1.213,1.170,1.243,37.870,27.442,37.869,27.442,1.790,1
349,0.400,1.227,0.033,1.190,1.174,1.285,14.930,27.703,14.930,27.702,2.356,1
350,0.260,1.238,0.049,1.217,1.169,1.328,9.515,27.885,9.516,27.885,1.873,1
351,1.080,1.380,0.134,1.190,1.169,1.660,30.819,28.051,30.822,28.053,3.980,1
352,0.660,1.395,0.169,1.348,1.178,1.756,35.756,28.148,35.751,28.146,2.897,1
353,0.190,1.209,0.026,1.191,1.173,1.257,48.266,28.034,48.265,28.034,1.473,1
354,0.810,1.443,0.245,1.202,1.171,2.008,2.309,28.299,2.294,28.302,3.346,1
355,0.670,1.285,0.092,1.170,1.170,1.503,13.089,28.329,13.096,28.330,3.038,1
356,0.610,1.268,0.071,1.173,1.170,1.395,25.398,28.314,25.397,28.316,2.814,1
357,0.260,1.318,0.096,1.221,1.198,1.504,22.500,28.450,22.499,28.452,1.731,1
358,0.410,1.217,0.036,1.170,1.170,1.295,28.670,28.572,28.670,28.571,2.414,1
359,0.270,1.248,0.047,1.174,1.173,1.331,41.094,28.457,41.094,28.458,1.790,1
360,0.160,1.191,0.015,1.206,1.173,1.219,23.650,28.500,23.650,28.500,1.331,1
361,0.280,1.272,0.079,1.242,1.172,1.437,1.100,28.650,1.102,28.649,1.849,1
362,0.280,1.308,0.095,1.212,1.172,1.489,38.043,28.636,38.043,28.635,1.873,1
363,0.220,1.230,0.041,1.249,1.170,1.302,46.314,28.618,46.314,28.618,1.673,1
364,0.430,1.223,0.034,1.188,1.171,1.280,49.845,28.848,49.845,28.848,2.497,1
365,0.560,1.319,0.109,1.186,1.169,1.546,33.984,28.932,33.981,28.934,2.721,1
366,0.350,1.210,0.027,1.174,1.171,1.260,16.447,28.984,16.447,28.983,2.214,1
367,0.240,1.202,0.018,1.232,1.169,1.232,11.117,29.113,11.116,29.113,1.790,1
368,0.150,1.180,0.008,1.170,1.170,1.193,44.477,29.023,44.476,29.023,1.473,1
369,0.570,1.313,0.097,1.218,1.181,1.517,21.590,29.322,21.591,29.322,2.697,1
370,0.710,1.256,0.052,1.222,1.169,1.361,32.139,29.502,32.137,29.502,3.063,1
371,0.710,1.450,0.228,1.313,1.171,1.970,9.157,29.730,9.152,29.736,3.014,1
372,0.250,1.289,0.080,1.246,1.174,1.440,37.318,29.626,37.318,29.626,1.756,1
373,0.690,1.445,0.212,1.175,1.173,1.914,24.969,29.949,24.968,29.957,2.956,1
374,0.270,1.190,0.012,1.180,1.170,1.210,47.880,29.791,47.879,29.791,1.931,1
375,0.590,1.239,0.044,1.232,1.171,1.338,2.114,30.103,2.111,30.101,2.697,1
376,0.630,1.296,0.102,1.171,1.171,1.537,30.169,30.148,30.167,30.151,2.863,1
377,0.150,1.197,0.015,1.169,1.169,1.222,19.710,30.010,19.709,30.011,1.307,1
378,0.770,1.494,0.286,1.183,1.181,2.186,26.701,30.376,26.704,30.373,3.180,1
379,0.460,1.282,0.070,1.235,1.170,1.423,12.437,30.272,12.433,30.272,2.473,1
380,0.920,1.444,0.184,1.363,1.180,1.819,23.357,30.415,23.361,30.415,3.580,1
381,0.850,1.369,0.190,1.170,1.169,1.840,46.123,30.514,46.111,30.509,3.663,1
382,0.680,1.329,0.125,1.182,1.170,1.610,17.790,30.593,17.787,30.592,3.038,1
383,0.620,1.366,0.148,1.177,1.174,1.683,28.335,30.732,28.336,30.732,2.780,1
384,0.300,1.225,0.032,1.171,1.171,1.279,33.633,30.707,33.634,30.707,1.990,1
385,0.840,1.275,0.065,1.189,1.172,1.407,16.167,31.013,16.163,31.015,3.663,1
386,0.630,1.309,0.096,1.345,1.172,1.520,21.098,31.177,21.096,31.180,2.921,1
387,0.150,1.213,0.033,1.175,1.173,1.273,38.763,31.003,38.763,31.004,1.331,1
388,0.540,1.321,0.116,1.223,1.169,1.559,41.059,31.320,41.060,31.319,2.697,1
389,0.660,1.275,0.082,1.177,1.170,1.471,14.006,31.536,14.001,31.536,3.038,1
390,0.360,1.298,0.096,1.194,1.171,1.477,43.161,31.428,43.162,31.427,2.156,1
391,0.300,1.209,0.031,1.205,1.169,1.279,31.420,31.453,31.418,31.453,2.097,1
392,0.250,1.283,0.085,1.185,1.171,1.455,46.154,31.510,46.154,31.512,1.731,1
393,0.300,1.245,0.057,1.204,1.172,1.353,8.780,31.757,8.779,31.758,1.990,1
394,0.520,1.205,0.024,1.178,1.169,1.257,19.363,31.823,19.366,31.824,2.614,1
395,0.190,1.213,0.035,1.170,1.170,1.276,2.839,31.939,2.840,31.940,1.673,1
396,0.500,1.257,0.062,1.179,1.173,1.406,29.878,32.064,29.874,32.066,2.556,1
397,0.500,1.328,0.132,1.170,1.169,1.618,1.612,32.202,1.607,32.202,2.580,1
398,0.490,1.303,0.109,1.194,1.173,1.545,45.585,32.438,45.583,32.439,2.556,1
399,1.040,1.432,0.191,1.181,1.175,1.846,4.773,32.827,4.763,32.829,3.863,1
400,0.190,1.186,0.013,1.170,1.170,1.211,33.192,32.518,33.191,32.518,1.531,1
401,1.070,1.381,0.203,1.171,1.170,2.031,37.969,32.780,37.945,32.774,4.770,1
402,1.320,1.518,0.313,1.172,1.169,2.430,10.827,32.895,10.852,32.907,4.321,1
403,0.480,1.239,0.050,1.176,1.170,1.333,20.654,33.035,20.653,33.033,2.497,1
404,0.960,1.431,0.181,1.267,1.184,1.819,46.938,33.411,46.934,33.421,3.897,1
405,0.530,1.221,0.050,1.171,1.171,1.345,49.295,33.024,49.301,33.024,2.780,1
406,0.460,1.291,0.097,1.212,1.170,1.507,15.470,33.120,15.466,33.121,2.414,1
407,0.540,1.320,0.130,1.182,1.169,1.603,43.656,33.161,43.653,33.165,2.697,1
408,0.300,1.206,0.027,1.171,1.171,1.263,26.033,33.213,26.032,33.214,1.956,1
409,0.770,1.259,0.068,1.177,1.173,1.408,31.002,33.408,30.993,33.412,3.663,1
410,0.880,1.460,0.229,1.516,1.171,1.977,41.836,33.562,41.834,33.571,3.404,1
411,1.110,1.347,0.135,1.219,1.171,1.719,2.951,33.598,2.960,33.607,4.087,1
412,0.580,1.291,0.102,1.176,1.170,1.533,13.581,33.647,13.580,33.656,2.897,1
413,0.460,1.217,0.028,1.211,1.171,1.268,8.567,33.670,8.566,33.669,2.721,1
414,0.410,1.205,0.020,1.178,1.169,1.241,18.828,33.509,18.828,33.508,2.780,1
415,0.230,1.245,0.051,1.174,1.174,1.332,36.685,33.559,36.684,33.560,1.731,1
416,1.100,1.457,0.239,1.198,1.172,2.180,45.354,34.201,45.367,34.213,4.146,1
417,0.570,1.257,0.070,1.248,1.170,1.439,0.429,34.092,0.429,34.084,3.463,1
418,1.000,1.857,0.698,1.175,1.170,3.810,34.897,34.042,34.905,34.048,3.546,1
419,1.060,1.722,0.489,1.173,1.169,2.926,17.005,34.355,17.008,34.349,3.721,1
420,1.000,1.464,0.234,1.221,1.176,1.965,40.158,34.493,40.169,34.506,3.746,1
421,0.410,1.233,0.052,1.177,1.170,1.357,11.667,34.352,11.664,34.353,2.580,1
422,0.470,1.238,0.054,1.287,1.172,1.366,50.446,34.573,50.446,34.578,2.649,1
423,0.590,1.300,0.099,1.257,1.170,1.522,27.555,34.686,27.555,34.689,2.756,1
424,1.000,1.388,0.198,1.183,1.170,1.891,32.327,34.688,32.303,34.690,4.204,1
425,0.210,1.205,0.021,1.169,1.169,1.239,38.069,34.636,38.070,34.636,1.590,1
426,0.450,1.255,0.070,1.182,1.173,1.411,4.552,34.879,4.547,34.878,2.438,1
427,0.380,1.239,0.043,1.279,1.170,1.317,43.284,34.813,43.284,34.812,2.238,1
428,0.550,1.456,0.233,1.207,1.181,1.969,21.399,34.977,21.400,34.977,2.697,1
429,0.580,1.327,0.133,1.178,1.173,1.632,20.324,35.116,20.320,35.120,2.697,1
430,0.180,1.195,0.018,1.172,1.172,1.231,30.550,35.000,30.549,34.999,1.814,1
431,0.250,1.279,0.068,1.197,1.179,1.396,15.130,35.090,15.131,35.091,1.814,1
432,0.720,1.294,0.101,1.290,1.175,1.593,48.639,35.507,48.644,35.518,3.521,1
433,0.480,1.232,0.042,1.172,1.171,1.311,36.348,35.356,36.349,35.358,2.638,1
434,1.190,1.560,0.365,1.192,1.169,2.500,18.463,35.671,18.477,35.685,4.653,1
435,0.220,1.188,0.011,1.177,1.171,1.207,25.827,35.264,25.827,35.264,1.731,1
436,0.170,1.206,0.023,1.175,1.175,1.246,2.926,35.409,2.927,35.409,1.531,1
437,0.550,1.286,0.070,1.216,1.176,1.444,13.150,35.625,13.152,35.626,2.614,1
438,0.390,1.221,0.038,1.198,1.170,1.297,23.678,35.560,23.678,35.559,2.321,1
439,0.260,1.222,0.037,1.192,1.174,1.295,41.650,35.600,41.650,35.600,1.731,1
440,0.450,1.278,0.084,1.212,1.170,1.469,46.594,35.666,46.591,35.670,2.531,1
441,0.670,1.269,0.068,1.170,1.169,1.396,0.863,35.853,0.864,35.852,2.980,1
442,0.820,1.322,0.131,1.175,1.174,1.639,29.204,35.935,29.195,35.937,3.663,1
443,0.160,1.202,0.021,1.209,1.170,1.239,39.575,35.806,39.575,35.806,1.390,1
444,0.660,1.349,0.133,1.201,1.171,1.664,6.073,36.153,6.074,36.157,2.838,1
445,0.230,1.199,0.020,1.217,1.169,1.237,11.420,36.072,11.420,36.071,1.814,1
446,0.170,1.227,0.042,1.261,1.172,1.303,43.703,35.938,43.703,35.938,1.556,1
447,0.950,1.307,0.096,1.173,1.171,1.537,26.795,36.347,26.797,36.351,3.863,1
448,0.390,1.260,0.062,1.207,1.171,1.394,44.704,36.306,44.702,36.309,2.214,1
449,0.270,1.249,0.054,1.194,1.174,1.345,16.409,36.406,16.409,36.406,1.814,1
450,0.330,1.231,0.040,1.175,1.174,1.303,32.283,36.405,32.282,36.404,2.097,1
451,0.270,1.216,0.033,1.237,1.171,1.283,37.469,36.606,37.468,36.605,1.956,1
452,0.350,1.193,0.014,1.176,1.172,1.219,9.484,36.727,9.484,36.727,2.214,1
453,0.440,1.276,0.077,1.172,1.171,1.435,21.675,36.736,21.672,36.739,2.356,1
454,0.310,1.195,0.019,1.173,1.171,1.246,4.244,37.021,4.244,37.023,2.414,1
455,0.430,1.317,0.116,1.171,1.170,1.547,42.906,36.971,42.905,36.973,2.297,1
456,0.420,1.210,0.025,1.192,1.169,1.258,25.162,37.086,25.161,37.087,2.356,1
457,0.410,1.284,0.085,1.184,1.173,1.457,19.926,37.221,19.925,37.221,2.297,1
458,0.370,1.207,0.026,1.169,1.169,1.252,30.636,37.269,30.637,37.269,2.156,1
459,0.980,1.259,0.069,1.183,1.171,1.454,7.742,37.440,7.735,37.443,3.946,1
460,0.450,1.312,0.125,1.175,1.169,1.602,12.086,37.374,12.083,37.373,2.414,1
461,0.720,1.363,0.149,1.190,1.169,1.680,23.347,37.715,23.353,37.716,2.980,1
462,0.730,1.383,0.171,1.198,1.170,1.793,33.899,37.692,33.901,37.686,3.063,1
463,1.090,1.474,0.253,1.204,1.178,2.181,35.712,37.911,35.704,37.935,3.980,1
464,0.230,1.210,0.035,1.177,1.170,1.284,2.420,37.572,2.420,37.571,1.673,1
465,0.580,1.278,0.081,1.172,1.172,1.439,41.002,37.710,40.997,37.713,2.897,1
466,0.390,1.248,0.051,1.205,1.169,1.336,28.596,37.773,28.596,37.772,2.214,1
467,0.300,1.213,0.033,1.194,1.171,1.281,26.777,38.067,26.776,38.064,2.273,1
468,0.630,1.345,0.127,1.182,1.175,1.601,39.290,38.112,39.293,38.114,2.921,1
469,0.480,1.218,0.033,1.189,1.175,1.286,44.538,38.075,44.536,38.073,2.980,1
470,0.850,1.333,0.117,1.183,1.174,1.631,16.152,38.370,16.157,38.381,3.546,1
471,0.500,1.230,0.037,1.171,1.170,1.300,21.484,38.350,21.485,38.350,2.614,1
472,0.310,1.268,0.070,1.192,1.171,1.399,49.589,38.389,49.588,38.388,1.990,1
473,0.290,1.228,0.041,1.169,1.169,1.303,3.891,38.536,3.892,38.537,1.873,1
474,0.770,1.272,0.062,1.213,1.170,1.405,31.723,38.797,31.720,38.800,3.604,1
475,0.690,1.326,0.101,1.183,1.170,1.513,42.404,38.676,42.399,38.674,3.014,1
476,0.760,1.341,0.133,1.248,1.173,1.656,9.151,38.895,9.154,38.901,3.146,1
477,0.620,1.371,0.150,1.214,1.169,1.684,37.205,38.811,37.204,38.813,2.838,1
478,0.830,1.408,0.181,1.205,1.173,1.822,29.950,39.101,29.951,39.107,3.463,1
479,0.600,1.250,0.065,1.169,1.169,1.401,47.848,38.963,47.846,38.966,2.780,1
480,0.360,1.201,0.021,1.202,1.169,1.238,19.592,38.947,19.592,38.948,2.356,1
481,0.560,1.225,0.030,1.232,1.174,1.285,24.811,39.021,24.811,39.022,2.721,1
482,0.920,1.422,0.186,1.279,1.170,1.879,2.111,39.282,2.121,39.269,3.604,1
483,0.340,1.248,0.066,1.174,1.172,1.376,14.147,39.038,14.144,39.041,2.356,1
484,1.220,1.283,0.101,1.187,1.169,1.570,43.609,39.820,43.613,39.830,5.218,1
485,0.730,1.270,0.063,1.233,1.169,1.393,12.425,39.397,12.427,39.397,3.204,1
486,0.740,1.346,0.132,1.181,1.169,1.667,40.592,39.414,40.590,39.419,3.121,1
487,0.640,1.279,0.068,1.173,1.172,1.398,45.989,39.283,45.988,39.282,2.980,1
488,0.380,1.210,0.025,1.222,1.171,1.254,7.132,39.237,7.133,39.236,2.356,1
489,1.410,1.379,0.202,1.345,1.169,2.058,49.533,39.773,49.547,39.755,5.111,1
490,1.150,1.745,0.516,1.250,1.173,3.037,17.704,39.695,17.710,39.702,3.804,1
491,0.940,1.293,0.091,1.171,1.170,1.532,23.164,39.532,23.172,39.530,3.887,1
492,0.230,1.218,0.035,1.169,1.169,1.290,34.915,39.511,34.913,39.513,1.897,1
493,0.250,1.236,0.044,1.173,1.173,1.317,33.430,39.726,33.429,39.727,1.731,1
494,0.910,1.459,0.226,1.203,1.182,1.997,5.119,40.082,5.123,40.085,3.404,1
495,0.350,1.228,0.035,1.182,1.171,1.290,38.719,40.159,38.719,40.159,2.073,1
496,0.290,1.246,0.057,1.199,1.169,1.363,10.850,40.174,10.851,40.175,1.873,1
497,0.560,1.226,0.038,1.191,1.170,1.301,3.270,40.602,3.268,40.604,2.756,1
498,0.750,1.377,0.158,1.178,1.170,1.725,14.106,40.763,14.110,40.767,3.038,1
499,0.310,1.274,0.077,1.210,1.176,1.421,31.515,40.624,31.514,40.627,1.956,1
500,0.480,1.251,0.063,1.178,1.171,1.389,36.810,40.685,36.809,40.688,2.556,1
501,0.600,1.372,0.164,1.179,1.169,1.737,19.330,40.840,19.333,40.837,2.838,1
502,0.580,1.363,0.171,1.247,1.174,1.748,34.888,40.950,34.888,40.944,2.697,1
503,0.540,1.279,0.089,1.172,1.172,1.488,47.359,40.948,47.354,40.946,2.780,1
504,0.540,1.288,0.088,1.189,1.175,1.480,11.952,41.043,11.953,41.043,2.614,1
505,0.790,1.299,0.087,1.188,1.171,1.492,40.092,41.387,40.089,41.387,3.263,1
506,0.630,1.301,0.104,1.176,1.175,1.529,6.715,41.433,6.713,41.436,2.921,1
507,0.440,1.282,0.079,1.195,1.173,1.449,45.595,41.273,45.599,41.272,2.414,1
508,0.490,1.252,0.069,1.171,1.169,1.404,1.409,41.517,1.411,41.524,2.756,1
509,0.890,1.507,0.274,1.217,1.177,2.150,29.978,41.575,29.984,41.585,3.380,1
510,1.040,1.516,0.239,1.570,1.170,1.950,32.961,41.712,32.960,41.714,3.663,1
511,1.460,1.680,0.426,1.296,1.172,2.716,22.456,41.886,22.470,41.884,4.404,1
512,0.550,1.315,0.114,1.244,1.171,1.562,50.610,41.608,50.607,41.609,2.697,1
513,0.240,1.205,0.025,1.178,1.170,1.253,43.663,41.713,43.662,41.711,1.790,1
514,0.560,1.382,0.163,1.194,1.171,1.736,27.691,41.891,27.692,41.888,2.614,1
515,0.660,1.335,0.116,1.228,1.174,1.577,38.303,41.944,38.303,41.947,2.921,1
516,0.540,1.243,0.051,1.172,1.172,1.341,10.130,42.067,10.131,42.069,2.638,1
517,0.640,1.277,0.067,1.205,1.173,1.423,15.317,42.119,15.316,42.122,2.838,1
518,0.160,1.185,0.010,1.169,1.169,1.201,4.806,42.006,4.806,42.006,1.531,1
519,0.720,1.331,0.119,1.188,1.172,1.591,8.115,42.278,8.117,42.277,3.121,1
520,0.710,1.496,0.248,1.304,1.171,2.036,25.868,42.344,25.872,42.344,3.121,1
521,0.220,1.242,0.047,1.177,1.177,1.326,48.750,42.264,48.749,42.265,1.673,1
522,0.480,1.329,0.127,1.174,1.173,1.599,31.088,42.523,31.083,42.521,2.438,1
523,0.780,1.478,0.237,1.173,1.172,2.004,36.312,42.544,36.315,42.549,3.097,1
524,0.290,1.218,0.038,1.181,1.170,1.291,2.826,42.636,2.825,42.637,2.156,1
525,0.660,1.326,0.121,1.200,1.170,1.582,41.792,42.774,41.790,42.779,2.956,1
526,0.490,1.277,0.088,1.175,1.169,1.465,46.909,42.885,46.907,42.886,2.556,1
527,0.500,1.266,0.071,1.185,1.169,1.419,24.004,43.030,24.006,43.034,2.497,1
528,0.670,1.434,0.169,1.197,1.196,1.775,29.228,43.098,29.226,43.098,2.897,1
529,0.340,1.255,0.059,1.170,1.170,1.371,39.832,42.991,39.832,42.990,2.156,1
530,0.550,1.264,0.067,1.177,1.169,1.414,1.150,43.205,1.155,43.208,2.804,1
531,0.190,1.231,0.034,1.204,1.188,1.295,13.408,42.982,13.408,42.982,1.531,1
532,0.610,1.289,0.089,1.269,1.169,1.494,34.570,43.271,34.567,43.272,2.897,1
533,0.710,1.288,0.076,1.170,1.170,1.446,11.447,43.439,11.444,43.440,2.980,1
534,0.410,1.221,0.028,1.198,1.175,1.271,27.338,43.565,27.339,43.565,2.414,1
535,0.540,1.324,0.121,1.174,1.173,1.595,16.689,43.611,16.691,43.612,2.556,1
536,1.330,1.406,0.207,1.224,1.169,1.922,44.663,44.025,44.650,44.032,4.828,1
537,1.320,1.413,0.157,1.251,1.169,1.798,22.433,44.162,22.429,44.154,5.136,1
538,1.030,1.315,0.111,1.173,1.169,1.569,37.619,43.773,37.622,43.770,4.970,1
539,0.680,1.253,0.053,1.222,1.169,1.386,50.000,43.659,50.003,43.659,3.438,1
540,0.550,1.245,0.048,1.176,1.171,1.332,32.572,43.799,32.570,43.798,2.780,1
541,0.680,1.271,0.055,1.203,1.170,1.356,9.703,43.950,9.703,43.949,2.980,1
542,0.440,1.228,0.037,1.174,1.170,1.301,4.464,43.964,4.462,43.965,2.438,1
543,0.740,1.408,0.181,1.183,1.170,1.809,43.111,44.073,43.109,44.073,3.121,1
544,0.300,1.204,0.021,1.229,1.170,1.242,48.360,44.053,48.360,44.053,2.014,1
545,0.460,1.256,0.063,1.175,1.174,1.397,14.974,44.307,14.972,44.309,2.531,1
546,0.690,1.346,0.133,1.173,1.172,1.661,25.460,44.337,25.456,44.339,3.014,1
547,1.210,1.377,0.136,1.193,1.174,1.690,40.761,44.529,40.747,44.528,4.628,1
548,0.750,1.328,0.117,1.170,1.169,1.584,2.671,44.510,2.674,44.514,3.097,1
549,0.600,1.346,0.128,1.197,1.189,1.629,30.690,44.448,30.689,44.449,2.780,1
550,0.450,1.248,0.052,1.179,1.170,1.343,7.634,44.639,7.634,44.639,2.473,1
551,0.550,1.247,0.044,1.207,1.172,1.331,46.599,44.694,46.597,44.695,2.721,1
552,0.170,1.187,0.010,1.191,1.171,1.206,12.997,44.709,12.997,44.709,1.590,1
553,0.480,1.220,0.029,1.178,1.176,1.273,34.092,44.998,34.091,44.997,2.580,1
554,0.480,1.220,0.033,1.172,1.169,1.302,0.631,45.127,0.631,45.130,2.614,1
555,0.770,1.426,0.194,1.237,1.177,1.861,28.847,45.036,28.850,45.038,3.180,1
556,0.420,1.250,0.057,1.218,1.175,1.364,5.940,45.143,5.942,45.143,2.331,1
557,1.210,1.403,0.155,1.405,1.172,1.722,11.190,45.530,11.195,45.531,4.346,1
558,0.350,1.203,0.023,1.214,1.170,1.246,26.947,45.476,26.946,45.474,2.214,1
559,0.580,1.228,0.065,1.170,1.169,1.394,16.995,45.691,17.008,45.693,4.204,1
560,0.680,1.301,0.094,1.191,1.170,1.479,14.429,45.897,14.428,45.897,2.921,1
561,0.380,1.296,0.096,1.175,1.174,1.487,21.616,45.711,21.614,45.710,2.156,1
562,0.500,1.248,0.059,1.175,1.175,1.377,32.236,45.856,32.236,45.859,2.638,1
563,0.380,1.243,0.044,1.170,1.170,1.318,37.508,45.766,37.507,45.766,2.156,1
564,0.490,1.203,0.019,1.210,1.169,1.239,4.021,45.879,4.021,45.879,2.580,1
565,0.750,1.362,0.148,1.228,1.169,1.697,47.975,46.109,47.972,46.113,3.097,1
566,0.630,1.333,0.110,1.225,1.172,1.548,50.085,46.098,50.086,46.096,2.897,1
567,0.260,1.195,0.016,1.172,1.172,1.219,9.158,46.035,9.158,46.034,1.873,1
568,0.410,1.213,0.025,1.173,1.172,1.254,19.838,46.128,19.839,46.128,2.356,1
569,1.040,1.431,0.173,1.687,1.175,1.742,35.815,46.380,35.821,46.380,3.804,1
570,0.560,1.228,0.036,1.176,1.169,1.301,2.139,46.393,2.139,46.392,2.697,1
571,0.750,1.405,0.184,1.172,1.171,1.816,40.821,46.433,40.824,46.430,3.180,1
572,0.930,1.486,0.271,1.178,1.176,2.152,7.427,46.555,7.427,46.562,3.521,1
573,0.730,1.469,0.227,1.291,1.175,1.971,29.899,46.723,29.894,46.728,3.121,1
574,0.520,1.280,0.077,1.194,1.174,1.447,46.008,46.708,46.006,46.709,2.556,1
575,0.290,1.193,0.015,1.172,1.172,1.223,12.564,46.705,12.563,46.706,2.038,1
576,0.290,1.204,0.023,1.182,1.170,1.244,17.747,46.836,17.747,46.836,1.956,1
577,0.600,1.298,0.078,1.405,1.169,1.429,28.383,46.872,28.384,46.872,2.838,1
578,0.700,1.365,0.144,1.383,1.169,1.665,33.487,47.010,33.485,47.014,3.038,1
579,0.180,1.194,0.015,1.172,1.172,1.220,5.622,46.889,5.622,46.889,1.531,1
580,0.620,1.322,0.118,1.202,1.173,1.596,38.910,47.216,38.911,47.223,2.838,1
581,0.750,1.334,0.119,1.370,1.169,1.585,44.182,47.251,44.181,47.253,3.180,1
582,0.400,1.211,0.025,1.188,1.170,1.259,21.380,47.368,21.380,47.369,2.414,1
583,1.050,1.632,0.383,1.179,1.177,2.536,31.360,47.695,31.344,47.681,3.804,1
584,0.440,1.273,0.075,1.219,1.170,1.426,49.298,47.430,49.299,47.431,2.356,1
585,0.460,1.234,0.047,1.178,1.170,1.336,15.720,47.693,15.718,47.695,2.638,1
586,0.750,1.253,0.053,1.299,1.169,1.363,26.375,47.777,26.373,47.780,3.428,1
587,0.480,1.255,0.060,1.175,1.169,1.375,14.206,47.846,14.208,47.845,2.521,1
588,0.630,1.314,0.115,1.187,1.172,1.590,37.094,47.833,37.089,47.836,2.921,1
589,0.900,1.493,0.250,1.218,1.183,2.049,42.259,47.884,42.260,47.885,3.380,1
590,0.790,1.326,0.109,1.380,1.169,1.568,3.384,47.951,3.387,47.953,3.463,1
591,0.380,1.245,0.066,1.211,1.171,1.393,1.392,48.082,1.385,48.078,2.556,1
592,0.870,1.395,0.197,1.210,1.169,1.846,8.812,48.283,8.809,48.298,3.321,1
593,1.010,1.407,0.231,1.181,1.169,2.000,19.154,48.100,19.177,48.110,4.404,1
594,0.480,1.298,0.096,1.203,1.170,1.509,47.600,48.150,47.599,48.152,2.414,1
595,1.220,1.684,0.416,1.212,1.169,2.637,22.778,48.723,22.778,48.746,4.404,1
596,0.320,1.221,0.040,1.172,1.172,1.302,24.647,48.259,24.646,48.260,2.014,1
597,0.410,1.232,0.053,1.170,1.169,1.343,35.072,48.606,35.069,48.608,2.638,1
598,0.380,1.207,0.023,1.178,1.170,1.250,45.711,48.526,45.712,48.526,2.214,1
599,1.220,1.322,0.149,1.172,1.171,1.764,40.224,49.263,40.221,49.268,5.418,1
600,0.270,1.234,0.044,1.174,1.174,1.313,30.024,48.720,30.023,48.721,1.931,1
601,0.800,1.438,0.218,1.183,1.181,1.952,27.990,48.955,27.988,48.960,3.238,1
602,0.790,1.291,0.076,1.189,1.175,1.458,10.598,49.142,10.597,49.145,3.663,1
603,0.470,1.271,0.069,1.170,1.170,1.422,38.456,49.116,38.455,49.117,2.638,1
604,1.160,1.263,0.083,1.183,1.170,1.454,18.273,49.563,18.257,49.561,5.711,1
605,0.420,1.226,0.037,1.186,1.170,1.295,43.793,49.136,43.791,49.135,2.356,1
606,0.220,1.206,0.018,1.195,1.173,1.234,20.750,49.300,20.750,49.300,1.614,1
607,0.870,1.364,0.149,1.382,1.171,1.730,26.247,49.781,26.253,49.786,3.463,1
608,1.040,1.538,0.251,1.376,1.174,2.120,8.638,49.822,8.648,49.818,3.687,1
609,0.550,1.242,0.052,1.171,1.169,1.351,36.608,49.752,36.610,49.754,2.638,1
610,0.930,1.515,0.262,1.206,1.178,2.119,41.905,49.865,41.901,49.869,3.487,1
611,1.030,1.317,0.105,1.252,1.169,1.592,13.907,49.909,13.903,49.914,4.087,1
612,0.220,1.204,0.026,1.174,1.170,1.251,31.491,49.668,31.491,49.668,1.614,1
613,0.250,1.201,0.023,1.216,1.170,1.243,11.834,50.254,11.834,50.253,1.814,1
614,0.480,1.248,0.062,1.254,1.169,1.395,34.738,50.354,34.735,50.357,2.663,1
615,0.480,1.286,0.089,1.172,1.171,1.474,29.329,50.354,29.330,50.356,2.473,1
616,0.490,1.223,0.033,1.171,1.170,1.282,50.436,50.593,50.435,50.593,2.497,1
617,0.980,1.573,0.328,1.202,1.171,2.398,16.031,50.702,16.054,50.699,3.921,1
618,0.340,1.224,0.039,1.170,1.169,1.302,45.182,50.691,45.183,50.693,2.073,1
